{
    "appSecret": "0c963714dc3edfe0be5614d7f6506de4",
    "pageAccessToken": "EAACfutbOvNwBACce8zEC3ayoyrnCyuRnOraK0ZCSfH8vezh0biCx5zjm3nYcBeX9fsSucJNo9I2ksRmVz0rNMUPyiABTvUZCPj8NLWspuhIohD3f8WEy9AEH2mT7MXev8lbOmunbZAwVgP1Su4AaAFom4V5YnYeVTXAZA1cIKwZDZD",
    "validationToken": "TOKEN",
    "serverURL": "https://lazy-husky-83.localtunnel.me",
    "googleMapKey": "AIzaSyDXwnZUnf-IUmUQPHHrtQsgiEBaSwVed6k",
    "locations": [
        {
            "name": "Walmart, Burbank",
            "location": "34.192844,-118.325357"
        },
        {
            "name": "Walmart, Panorama City",
            "location": "34.229088,-118.450322"
        },
        {
            "name": "Walmart, West Hills",
            "location": "34.193453,-118.625984"
        },
        {
            "name": "Walmart, Rosemead",
            "location": "34.057232,-118.085375"
        },
        {
            "name": "Walmart, Norwalk",
            "location": "33.918446,-118.082916"
        }
    ]
}
